{
  "MAGPIE (SKY)": {
    "n_queries": 400,
    "corpus_size": 7498,
    "per_k": {
      "1": {
        "sro": {
          "mean": 0.3831686507936507,
          "ci_lo": 0.3531105902777778,
          "ci_hi": 0.41587673611111114
        },
        "mcr": {
          "mean": 0.525,
          "ci_lo": 0.4774375,
          "ci_hi": 0.575
        },
        "ndcg": {
          "mean": 0.7125,
          "ci_lo": 0.6725,
          "ci_hi": 0.76
        }
      },
      "3": {
        "sro": {
          "mean": 0.34333086820586817,
          "ci_lo": 0.3208768195346321,
          "ci_hi": 0.3688566618566618
        },
        "mcr": {
          "mean": 0.5054166666666666,
          "ci_lo": 0.4616354166666667,
          "ci_hi": 0.5504375
        },
        "ndcg": {
          "mean": 0.7210488810135984,
          "ci_lo": 0.6846891862716453,
          "ci_hi": 0.7589298271883873
        }
      },
      "5": {
        "sro": {
          "mean": 0.3254926948051948,
          "ci_lo": 0.3058866121031746,
          "ci_hi": 0.3467204239944084
        },
        "mcr": {
          "mean": 0.5020833333333333,
          "ci_lo": 0.45844270833333345,
          "ci_hi": 0.5447541666666668
        },
        "ndcg": {
          "mean": 0.7179525842825132,
          "ci_lo": 0.6841499083253213,
          "ci_hi": 0.7540219971120368
        }
      },
      "10": {
        "sro": {
          "mean": 0.2986808650564603,
          "ci_lo": 0.28113377224090397,
          "ci_hi": 0.317555103946566
        },
        "mcr": {
          "mean": 0.492109126984127,
          "ci_lo": 0.4494902777777778,
          "ci_hi": 0.533502380952381
        },
        "ndcg": {
          "mean": 0.7122913404477592,
          "ci_lo": 0.6796732561559136,
          "ci_hi": 0.7462453749826823
        }
      },
      "20": {
        "sro": {
          "mean": 0.2819747434964116,
          "ci_lo": 0.26550741969266844,
          "ci_hi": 0.3005670050763467
        },
        "mcr": {
          "mean": 0.49314235184320326,
          "ci_lo": 0.45038511941006626,
          "ci_hi": 0.5351434355470274
        },
        "ndcg": {
          "mean": 0.712593696343885,
          "ci_lo": 0.6808673845503465,
          "ci_hi": 0.7444721747431192
        }
      }
    },
    "mrr": {
      "mean": 0.6305220330065531,
      "ci_lo": 0.5934556849642231,
      "ci_hi": 0.669160904527243
    }
  },
  "Random": {
    "n_queries": 400,
    "corpus_size": 7498,
    "per_k": {
      "1": {
        "sro": {
          "mean": 0.12429960317460317,
          "ci_lo": 0.10952262355699856,
          "ci_hi": 0.14021717397186148
        },
        "mcr": {
          "mean": 0.5,
          "ci_lo": 0.45243750000000005,
          "ci_hi": 0.5525
        },
        "ndcg": {
          "mean": 0.565,
          "ci_lo": 0.515,
          "ci_hi": 0.615
        }
      },
      "3": {
        "sro": {
          "mean": 0.13979593554593556,
          "ci_lo": 0.12963527462121213,
          "ci_hi": 0.1510215661075036
        },
        "mcr": {
          "mean": 0.49833333333333335,
          "ci_lo": 0.4591666666666667,
          "ci_hi": 0.5391666666666667
        },
        "ndcg": {
          "mean": 0.6500581667439359,
          "ci_lo": 0.6135289458677516,
          "ci_hi": 0.6862644707955577
        }
      },
      "5": {
        "sro": {
          "mean": 0.1363039849039849,
          "ci_lo": 0.1277559062118437,
          "ci_hi": 0.14521541555666556
        },
        "mcr": {
          "mean": 0.49400000000000005,
          "ci_lo": 0.456,
          "ci_hi": 0.532
        },
        "ndcg": {
          "mean": 0.6411988211290134,
          "ci_lo": 0.6079365757828404,
          "ci_hi": 0.6746524734848934
        }
      },
      "10": {
        "sro": {
          "mean": 0.13573378565878566,
          "ci_lo": 0.12797047204531578,
          "ci_hi": 0.14355074423840047
        },
        "mcr": {
          "mean": 0.49375,
          "ci_lo": 0.4564875000000001,
          "ci_hi": 0.53250625
        },
        "ndcg": {
          "mean": 0.6430410996355175,
          "ci_lo": 0.614647740145396,
          "ci_hi": 0.6709669496881608
        }
      },
      "20": {
        "sro": {
          "mean": 0.13688032592407592,
          "ci_lo": 0.1299294492920274,
          "ci_hi": 0.14361231286075035
        },
        "mcr": {
          "mean": 0.496,
          "ci_lo": 0.46024687500000006,
          "ci_hi": 0.5344
        },
        "ndcg": {
          "mean": 0.6456434977434,
          "ci_lo": 0.6218507233024532,
          "ci_hi": 0.6689180993894343
        }
      }
    },
    "mrr": {
      "mean": 0.25787363982981243,
      "ci_lo": 0.22936741079160777,
      "ci_hi": 0.28956836106548034
    }
  },
  "Element Jaccard": {
    "n_queries": 400,
    "corpus_size": 7498,
    "per_k": {
      "1": {
        "sro": {
          "mean": 0.6313323412698413,
          "ci_lo": 0.5958076884920636,
          "ci_hi": 0.6667996775793651
        },
        "mcr": {
          "mean": 0.6025,
          "ci_lo": 0.555,
          "ci_hi": 0.65
        },
        "ndcg": {
          "mean": 0.8325,
          "ci_lo": 0.795,
          "ci_hi": 0.8675625
        }
      },
      "3": {
        "sro": {
          "mean": 0.5606646825396825,
          "ci_lo": 0.5324701058201058,
          "ci_hi": 0.5884931712962963
        },
        "mcr": {
          "mean": 0.58,
          "ci_lo": 0.5375,
          "ci_hi": 0.6225208333333334
        },
        "ndcg": {
          "mean": 0.8477179339903913,
          "ci_lo": 0.8156574461681879,
          "ci_hi": 0.876751462690064
        }
      },
      "5": {
        "sro": {
          "mean": 0.5338527777777777,
          "ci_lo": 0.5087794593253968,
          "ci_hi": 0.5604569246031746
        },
        "mcr": {
          "mean": 0.5675,
          "ci_lo": 0.525975,
          "ci_hi": 0.6100125
        },
        "ndcg": {
          "mean": 0.8417009904056734,
          "ci_lo": 0.8120723103104882,
          "ci_hi": 0.8689021242613902
        }
      },
      "10": {
        "sro": {
          "mean": 0.4942773358585859,
          "ci_lo": 0.4725725834235209,
          "ci_hi": 0.5180909848484848
        },
        "mcr": {
          "mean": 0.56,
          "ci_lo": 0.5205000000000001,
          "ci_hi": 0.60325625
        },
        "ndcg": {
          "mean": 0.8457320488562187,
          "ci_lo": 0.8205134576920455,
          "ci_hi": 0.8694981297392355
        }
      },
      "20": {
        "sro": {
          "mean": 0.4477996572871572,
          "ci_lo": 0.42813976855609664,
          "ci_hi": 0.46798513065927116
        },
        "mcr": {
          "mean": 0.549875,
          "ci_lo": 0.512109375,
          "ci_hi": 0.590384375
        },
        "ndcg": {
          "mean": 0.8468336472749928,
          "ci_lo": 0.8251537727457164,
          "ci_hi": 0.8684069734463368
        }
      }
    },
    "mrr": {
      "mean": 0.8465575476402682,
      "ci_lo": 0.8154033006005433,
      "ci_hi": 0.8754886601041934
    }
  },
  "Stoich Vector": {
    "n_queries": 400,
    "corpus_size": 7498,
    "per_k": {
      "1": {
        "sro": {
          "mean": 0.5579662698412698,
          "ci_lo": 0.5225495783730159,
          "ci_hi": 0.5940350198412698
        },
        "mcr": {
          "mean": 0.63,
          "ci_lo": 0.5824375,
          "ci_hi": 0.6775
        },
        "ndcg": {
          "mean": 0.8075,
          "ci_lo": 0.7675,
          "ci_hi": 0.8450624999999999
        }
      },
      "3": {
        "sro": {
          "mean": 0.5172410714285715,
          "ci_lo": 0.49005819279100526,
          "ci_hi": 0.5450449156746031
        },
        "mcr": {
          "mean": 0.6166666666666667,
          "ci_lo": 0.58,
          "ci_hi": 0.6583333333333333
        },
        "ndcg": {
          "mean": 0.8453705472597639,
          "ci_lo": 0.8176898544249174,
          "ci_hi": 0.8720652772189754
        }
      },